urlkey,dayrow,timestamp,date,month,original,mimetype,statuscode,digest,length,key,fulllink,linkfull,Response,VariableCount,TheColumns
"info,worldometers)/coronavirus",1.0,20200129195657,20200129,202001,https://www.worldometers.info/coronavirus/,text/html,200,Q5BWY22PJVEXN52K6ZW6OA6JI7L25BSB,10658,20200129195657,https://web.archive.org/web/20200129195657/https://www.worldometers.info/coronavirus/,https://web.archive.org/web/20200129195657/https://www.worldometers.info/coronavirus/,200,4,"['Country', 'Cases', 'Deaths', 'Region']"
"info,worldometers)/coronavirus",1.0,20200130093554,20200130,202001,https://www.worldometers.info/coronavirus/,text/html,200,JB5C5AIU4G22C27T543EKF3BZWYYQC7F,10247,20200130093554,https://web.archive.org/web/20200130093554/https://www.worldometers.info/coronavirus/,https://web.archive.org/web/20200130093554/https://www.worldometers.info/coronavirus/,200,4,"['Country', 'Cases', 'Deaths', 'Region']"
"info,worldometers)/coronavirus",1.0,20200131025422,20200131,202001,https://www.worldometers.info/coronavirus/,text/html,200,2UQARJLUVQZU4ZXDIGKURPDPZVHZWSRH,10922,20200131025422,https://web.archive.org/web/20200131025422/https://www.worldometers.info/coronavirus/,https://web.archive.org/web/20200131025422/https://www.worldometers.info/coronavirus/,200,4,"['Country', 'Cases', 'Deaths', 'Region']"
"info,worldometers)/coronavirus",1.0,20200201003730,20200201,202002,https://www.worldometers.info/coronavirus/,text/html,200,647LHZCUMPR7J3GZJJMHWPS3Y5SBDXJB,13509,20200201003730,https://web.archive.org/web/20200201003730/https://www.worldometers.info/coronavirus/,https://web.archive.org/web/20200201003730/https://www.worldometers.info/coronavirus/,200,4,"['Country', 'Cases', 'Deaths', 'Region']"
"info,worldometers)/coronavirus",1.0,20200202162745,20200202,202002,https://www.worldometers.info/coronavirus/,text/html,200,Y7SXGKXBIP7OMT7NUOSY7SKUVT6CVBIJ,14941,20200202162745,https://web.archive.org/web/20200202162745/https://www.worldometers.info/coronavirus/,https://web.archive.org/web/20200202162745/https://www.worldometers.info/coronavirus/,200,6,"['Country', 'Total Cases', 'Today', 'Total Deaths', 'Today', 'Region']"
"info,worldometers)/coronavirus",1.0,20200203070853,20200203,202002,https://www.worldometers.info/coronavirus/,text/html,200,4PUXITZ5TF5MCU2CDWDQUPK5C2JCWDMR,15529,20200203070853,https://web.archive.org/web/20200203070853/https://www.worldometers.info/coronavirus/,https://web.archive.org/web/20200203070853/https://www.worldometers.info/coronavirus/,200,8,"['Country', 'Total Cases', 'New Today', 'Total Deaths', ""Today's Deaths"", 'Total Cured', 'Total Critical', 'Region']"
"info,worldometers)/coronavirus",1.0,20200204051706,20200204,202002,https://www.worldometers.info/coronavirus/,text/html,200,JAGKYH2LUIRY6IOW5Y22CYDOR6KCZKVM,14269,20200204051706,https://web.archive.org/web/20200204051706/https://www.worldometers.info/coronavirus/,https://web.archive.org/web/20200204051706/https://www.worldometers.info/coronavirus/,200,8,"['Country', 'Total Cases', 'Feb 4  Cases', 'Total Deaths', 'Feb 4  Deaths', 'Total Recovered', 'Total Critical', 'Region']"
"info,worldometers)/coronavirus",1.0,20200205005731,20200205,202002,https://www.worldometers.info/coronavirus/,text/html,200,PFWWLNQDET7UF4ENHW4DELV4GOF3K35T,15463,20200205005731,https://web.archive.org/web/20200205005731/https://www.worldometers.info/coronavirus/,https://web.archive.org/web/20200205005731/https://www.worldometers.info/coronavirus/,200,8,"['Country', 'Total Cases', 'Feb 4  Cases', 'Total Deaths', 'Feb 4  Deaths', 'Total Recovered', 'Total Critical', 'Region']"
"info,worldometers)/coronavirus",1.0,20200206230252,20200206,202002,https://www.worldometers.info/coronavirus/,text/html,200,5VMYYLS347LO3CYDKLHJTRUJZDHOWZKR,19076,20200206230252,https://web.archive.org/web/20200206230252/https://www.worldometers.info/coronavirus/,https://web.archive.org/web/20200206230252/https://www.worldometers.info/coronavirus/,200,8,"['Country, Territory', 'Total Cases', 'Feb 6  Cases', 'Total Deaths', 'Feb 6  Deaths', 'Total Recovered', 'Total Critical', 'Region']"
"info,worldometers)/coronavirus",1.0,20200207101450,20200207,202002,https://www.worldometers.info/coronavirus/,text/html,200,IWH7L32M3ICUYOQF6N7TKRMPTB7UDUA2,16824,20200207101450,https://web.archive.org/web/20200207101450/https://www.worldometers.info/coronavirus/,https://web.archive.org/web/20200207101450/https://www.worldometers.info/coronavirus/,200,8,"['Country, Territory', 'Total Cases', 'Feb 6 Feb 7  Cases', 'Total Deaths', 'Feb 6 Feb 7  Deaths', 'Total Recovered', 'Total Critical', 'Region']"
"info,worldometers)/coronavirus",1.0,20200208145142,20200208,202002,https://www.worldometers.info/coronavirus/,text/html,200,CRDZNBCIQ2RIZQ2FNU5PRBAUDKVP7PL6,16839,20200208145142,https://web.archive.org/web/20200208145142/https://www.worldometers.info/coronavirus/,https://web.archive.org/web/20200208145142/https://www.worldometers.info/coronavirus/,200,8,"['Country, Territory', 'Total Cases', 'Feb 7,8  Cases', 'Total Deaths', 'Feb 7,8  Deaths', 'Total Recovered', 'Total Severe', 'Region']"
"info,worldometers)/coronavirus",1.0,20200210100748,20200210,202002,https://www.worldometers.info/coronavirus/,text/html,200,55UZNVVDDPDJO2O7QRFQRG5VY7OEAUHA,18029,20200210100748,https://web.archive.org/web/20200210100748/https://www.worldometers.info/coronavirus/,https://web.archive.org/web/20200210100748/https://www.worldometers.info/coronavirus/,200,8,"['Country, Territory', 'Total Cases', 'Feb 9  Cases', 'Total Deaths', 'Feb 9  Deaths', 'Total Recovered', 'Total Severe', 'Region']"
"info,worldometers)/coronavirus",1.0,20200211184921,20200211,202002,https://www.worldometers.info/coronavirus/,text/html,200,6VYMOXGJTOEQGG47GB236OMBVAPAN55J,21428,20200211184921,https://web.archive.org/web/20200211184921/https://www.worldometers.info/coronavirus/,https://web.archive.org/web/20200211184921/https://www.worldometers.info/coronavirus/,200,8,"['Country, Territory', 'Total Cases', 'Feb 10,11  Cases', 'Total Deaths', 'Feb 10,11  Deaths', 'Total Recovered', 'Total Severe', 'Region']"
"info,worldometers)/coronavirus",1.0,20200212060134,20200212,202002,https://www.worldometers.info/coronavirus/,text/html,200,7Z5LVLTHSZ3VRZTBUZBJUDTASFH4SO5V,18904,20200212060134,https://web.archive.org/web/20200212060134/https://www.worldometers.info/coronavirus/,https://web.archive.org/web/20200212060134/https://www.worldometers.info/coronavirus/,200,8,"['Country, Territory', 'Total Cases', 'Feb 11  Cases', 'Total Deaths', 'Feb 11  Deaths', 'Total Recovered', 'Total Severe', 'Region']"
"info,worldometers)/coronavirus",1.0,20200213174719,20200213,202002,https://www.worldometers.info/coronavirus/,text/html,200,BONQDZFQ2JDFDMWY5A63TNG6NVR4MX6S,19441,20200213174719,https://web.archive.org/web/20200213174719/https://www.worldometers.info/coronavirus/,https://web.archive.org/web/20200213174719/https://www.worldometers.info/coronavirus/,200,8,"['Country, Territory', 'Total Cases', 'Change (cases)', 'Total Deaths', 'Change (deaths)', 'Total Recovered', 'Total Critical', 'Region']"
"info,worldometers)/coronavirus",1.0,20200214092439,20200214,202002,https://www.worldometers.info/coronavirus/,text/html,200,HQCSTXLEXVYRLTVLNXYPTO4ESJ43QJDO,20573,20200214092439,https://web.archive.org/web/20200214092439/https://www.worldometers.info/coronavirus/,https://web.archive.org/web/20200214092439/https://www.worldometers.info/coronavirus/,200,8,"['Country, Territory', 'Total Cases', 'Change (cases)', 'Total Deaths', 'Change (deaths)', 'Total Recovered', 'Serious,  Critical', 'Region']"
"info,worldometers)/coronavirus",1.0,20200215014753,20200215,202002,https://www.worldometers.info/coronavirus/,text/html,200,ALFAXHC36KFMS6UIZBHUTXX36UGZ7FRM,24776,20200215014753,https://web.archive.org/web/20200215014753/https://www.worldometers.info/coronavirus/,https://web.archive.org/web/20200215014753/https://www.worldometers.info/coronavirus/,200,8,"['Country, Territory', 'Total Cases', 'Change (cases)', 'Total Deaths', 'Change (deaths)', 'Total Recovered', 'Serious,  Critical', 'Region']"
"info,worldometers)/coronavirus",1.0,20200216030215,20200216,202002,https://www.worldometers.info/coronavirus/,text/html,200,5XU2NKTN647OQPVFQFZ64W3HYOODTCWM,22424,20200216030215,https://web.archive.org/web/20200216030215/https://www.worldometers.info/coronavirus/,https://web.archive.org/web/20200216030215/https://www.worldometers.info/coronavirus/,200,8,"['Country, Territory', 'Total Cases', 'New Cases', 'Total Deaths', 'NewDeaths', 'Total Recovered', 'Serious,  Critical', 'Region']"
"info,worldometers)/coronavirus",1.0,20200217100150,20200217,202002,https://www.worldometers.info/coronavirus/,text/html,200,RDHO3VHFFW44AMPCWMCKLAJYPZQ4EGGN,23211,20200217100150,https://web.archive.org/web/20200217100150/https://www.worldometers.info/coronavirus/,https://web.archive.org/web/20200217100150/https://www.worldometers.info/coronavirus/,200,8,"['Country, Territory', 'Total Cases', 'New Cases', 'Total Deaths', 'NewDeaths', 'Total Recovered', 'Serious,  Critical', 'Region']"
"info,worldometers)/coronavirus",1.0,20200218011307,20200218,202002,https://www.worldometers.info/coronavirus/,text/html,200,LMFBCZ2T6RLEDTAWR7BJKGWJ34MFOKIL,23904,20200218011307,https://web.archive.org/web/20200218011307/https://www.worldometers.info/coronavirus/,https://web.archive.org/web/20200218011307/https://www.worldometers.info/coronavirus/,200,8,"['Country, Other', 'Total Cases', 'New Cases', 'Total Deaths', 'NewDeaths', 'Total Recovered', 'Serious,  Critical', 'Region']"
"info,worldometers)/coronavirus",1.0,20200219105112,20200219,202002,https://www.worldometers.info/coronavirus/,text/html,200,XAAC2PN6PJZT7RQ7CJ6LLCFHZ3ZYUEXA,25160,20200219105112,https://web.archive.org/web/20200219105112/https://www.worldometers.info/coronavirus/,https://web.archive.org/web/20200219105112/https://www.worldometers.info/coronavirus/,200,8,"['Country, Other', 'Total Cases', 'New Cases', 'Total Deaths', 'NewDeaths', 'Total Recovered', 'Serious,  Critical', 'Region']"
"info,worldometers)/coronavirus",1.0,20200220023906,20200220,202002,https://www.worldometers.info/coronavirus/,text/html,200,AI5O2DFPEGMX5Z5ABKEEWNYEVBC4TBJC,26207,20200220023906,https://web.archive.org/web/20200220023906/https://www.worldometers.info/coronavirus/,https://web.archive.org/web/20200220023906/https://www.worldometers.info/coronavirus/,200,8,"['Country, Other', 'Total Cases', 'New Cases', 'Total Deaths', 'NewDeaths', 'Total Recovered', 'Serious,  Critical', 'Region']"
"info,worldometers)/coronavirus",1.0,20200221000038,20200221,202002,https://www.worldometers.info/coronavirus/,text/html,200,PBLNTREVY5CJP2M22OB4WDVBELCW4BBT,29168,20200221000038,https://web.archive.org/web/20200221000038/https://www.worldometers.info/coronavirus/,https://web.archive.org/web/20200221000038/https://www.worldometers.info/coronavirus/,200,8,"['Country, Other', 'Total Cases', 'New Cases', 'Total Deaths', 'NewDeaths', 'Total Recovered', 'Serious,  Critical', 'Region']"
"info,worldometers)/coronavirus",1.0,20200222001305,20200222,202002,https://www.worldometers.info/coronavirus/,text/html,200,7OXX3DEA7JXBCMEZHHZIOAOBZE3JCVHW,31720,20200222001305,https://web.archive.org/web/20200222001305/https://www.worldometers.info/coronavirus/,https://web.archive.org/web/20200222001305/https://www.worldometers.info/coronavirus/,200,8,"['Country, Other', 'Total Cases', 'New Cases', 'Total Deaths', 'NewDeaths', 'Total Recovered', 'Serious,  Critical', 'Region']"
"info,worldometers)/coronavirus",1.0,20200223003733,20200223,202002,https://www.worldometers.info/coronavirus/,text/html,200,5LZOHQ5OKWEH4D23NTOCHJIKQJSM62P2,33856,20200223003733,https://web.archive.org/web/20200223003733/https://www.worldometers.info/coronavirus/,https://web.archive.org/web/20200223003733/https://www.worldometers.info/coronavirus/,200,8,"['Country, Other', 'Total Cases', 'New Cases', 'Total Deaths', 'NewDeaths', 'Total Recovered', 'Serious,  Critical', 'Region']"
"info,worldometers)/coronavirus",1.0,20200224001310,20200224,202002,https://www.worldometers.info/coronavirus/,text/html,200,DCDOP3C4SWBXJM3CLXTVMJJR7FE6SS4K,37140,20200224001310,https://web.archive.org/web/20200224001310/https://www.worldometers.info/coronavirus/,https://web.archive.org/web/20200224001310/https://www.worldometers.info/coronavirus/,200,8,"['Country, Other', 'Total Cases', 'New Cases', 'Total Deaths', 'NewDeaths', 'Total Recovered', 'Serious,  Critical', 'Region']"
"info,worldometers)/coronavirus",1.0,20200225001906,20200225,202002,https://www.worldometers.info/coronavirus/,text/html,200,WIGPZSAHBVSJHMDS5ME7PYSVEE3HT4NJ,39530,20200225001906,https://web.archive.org/web/20200225001906/https://www.worldometers.info/coronavirus/,https://web.archive.org/web/20200225001906/https://www.worldometers.info/coronavirus/,200,8,"['Country, Other', 'Total Cases', 'New Cases', 'Total Deaths', 'NewDeaths', 'Total Recovered', 'Serious,  Critical', 'Region']"
"info,worldometers)/coronavirus",1.0,20200226003111,20200226,202002,https://www.worldometers.info/coronavirus/,text/html,200,LY7RQFNLP77DEQYMLNRQJIUABKOON6AO,40331,20200226003111,https://web.archive.org/web/20200226003111/https://www.worldometers.info/coronavirus/,https://web.archive.org/web/20200226003111/https://www.worldometers.info/coronavirus/,200,8,"['Country, Other', 'Total Cases', 'New Cases', 'Total Deaths', 'NewDeaths', 'Total Recovered', 'Serious,  Critical', 'Region']"
"info,worldometers)/coronavirus",1.0,20200227000139,20200227,202002,https://www.worldometers.info/coronavirus/,text/html,200,G5UX5PA5NVJFELVKMJVX5QN45YAJ52IT,45865,20200227000139,https://web.archive.org/web/20200227000139/https://www.worldometers.info/coronavirus/,https://web.archive.org/web/20200227000139/https://www.worldometers.info/coronavirus/,200,8,"['Country, Other', 'Total Cases', 'New Cases', 'Total Deaths', 'NewDeaths', 'Total Recovered', 'Serious,  Critical', 'Region']"
"info,worldometers)/coronavirus",1.0,20200228000052,20200228,202002,https://www.worldometers.info/coronavirus/,text/html,200,TLDZKEH2IU2EVAFWSCOBREYB76IMPUZS,50195,20200228000052,https://web.archive.org/web/20200228000052/https://www.worldometers.info/coronavirus/,https://web.archive.org/web/20200228000052/https://www.worldometers.info/coronavirus/,200,8,"['Country, Other', 'Total Cases', 'New Cases', 'Total Deaths', 'NewDeaths', 'Total Recovered', 'Serious,  Critical', 'Region']"
"info,worldometers)/coronavirus",1.0,20200229002628,20200229,202002,https://www.worldometers.info/coronavirus/,text/html,200,PD4H77WE6DK6H25ZSLKEH27LJHK7QZRG,55533,20200229002628,https://web.archive.org/web/20200229002628/https://www.worldometers.info/coronavirus/,https://web.archive.org/web/20200229002628/https://www.worldometers.info/coronavirus/,200,8,"['Country,Other', 'TotalCases', 'NewCases', 'TotalDeaths', 'NewDeaths', 'ActiveCases', 'TotalRecovered', 'Serious,Critical']"
"info,worldometers)/coronavirus",1.0,20200301001656,20200301,202003,https://www.worldometers.info/coronavirus/,text/html,200,WSUBFDQSPNP2AQW3XTRVF3JCFPYBY7ET,59838,20200301001656,https://web.archive.org/web/20200301001656/https://www.worldometers.info/coronavirus/,https://web.archive.org/web/20200301001656/https://www.worldometers.info/coronavirus/,200,8,"['Country,Other', 'TotalCases', 'NewCases', 'TotalDeaths', 'NewDeaths', 'ActiveCases', 'TotalRecovered', 'Serious,Critical']"
"info,worldometers)/coronavirus",1.0,20200302000357,20200302,202003,https://www.worldometers.info/coronavirus/,text/html,200,MPDWABRBFQ3OFX3VZRBNQKE5FJISB2GP,64170,20200302000357,https://web.archive.org/web/20200302000357/https://www.worldometers.info/coronavirus/,https://web.archive.org/web/20200302000357/https://www.worldometers.info/coronavirus/,200,8,"['Country,Other', 'TotalCases', 'NewCases', 'TotalDeaths', 'NewDeaths', 'ActiveCases', 'TotalRecovered', 'Serious,Critical']"
"info,worldometers)/coronavirus",1.0,20200303000625,20200303,202003,https://www.worldometers.info/coronavirus/,text/html,200,JXVJJ5AXC653HVHK2K54QZF4QSO7WRO3,70099,20200303000625,https://web.archive.org/web/20200303000625/https://www.worldometers.info/coronavirus/,https://web.archive.org/web/20200303000625/https://www.worldometers.info/coronavirus/,200,8,"['Country,Other', 'TotalCases', 'NewCases', 'TotalDeaths', 'NewDeaths', 'ActiveCases', 'TotalRecovered', 'Serious,Critical']"
"info,worldometers)/coronavirus",1.0,20200304001941,20200304,202003,https://www.worldometers.info/coronavirus/,text/html,200,GI7GNQEMWV74UVCC2RE3Z2ODM6WFLEVW,75405,20200304001941,https://web.archive.org/web/20200304001941/https://www.worldometers.info/coronavirus/,https://web.archive.org/web/20200304001941/https://www.worldometers.info/coronavirus/,200,8,"['Country,Other', 'TotalCases', 'NewCases', 'TotalDeaths', 'NewDeaths', 'ActiveCases', 'TotalRecovered', 'Serious,Critical']"
"info,worldometers)/coronavirus",1.0,20200305000656,20200305,202003,https://www.worldometers.info/coronavirus/,text/html,200,54AG5XQUXFMVL2C76D7XJ6JLAV4GSWBS,81453,20200305000656,https://web.archive.org/web/20200305000656/https://www.worldometers.info/coronavirus/,https://web.archive.org/web/20200305000656/https://www.worldometers.info/coronavirus/,200,8,"['Country,Other', 'TotalCases', 'NewCases', 'TotalDeaths', 'NewDeaths', 'ActiveCases', 'TotalRecovered', 'Serious,Critical']"
"info,worldometers)/coronavirus",1.0,20200306001034,20200306,202003,https://www.worldometers.info/coronavirus/,text/html,200,OWTOXX77BWBFOD3ZYNS6QUANFFV6GVUV,88284,20200306001034,https://web.archive.org/web/20200306001034/https://www.worldometers.info/coronavirus/,https://web.archive.org/web/20200306001034/https://www.worldometers.info/coronavirus/,200,8,"['Country,Other', 'TotalCases', 'NewCases', 'TotalDeaths', 'NewDeaths', 'ActiveCases', 'TotalRecovered', 'Serious,Critical']"
"info,worldometers)/coronavirus",1.0,20200307001626,20200307,202003,https://www.worldometers.info/coronavirus/,text/html,200,EH5QSVEK76E6DXQUNMHXOANY72YVQQ4R,95935,20200307001626,https://web.archive.org/web/20200307001626/https://www.worldometers.info/coronavirus/,https://web.archive.org/web/20200307001626/https://www.worldometers.info/coronavirus/,200,8,"['Country,Other', 'TotalCases', 'NewCases', 'TotalDeaths', 'NewDeaths', 'ActiveCases', 'TotalRecovered', 'Serious,Critical']"
"info,worldometers)/coronavirus",1.0,20200308002441,20200308,202003,https://www.worldometers.info/coronavirus/,text/html,200,FOPCNHGPO457UXI4FO2K2MQFTA6LLV4M,106064,20200308002441,https://web.archive.org/web/20200308002441/https://www.worldometers.info/coronavirus/,https://web.archive.org/web/20200308002441/https://www.worldometers.info/coronavirus/,200,9,"['Country,Other', 'TotalCases', 'NewCases', 'TotalDeaths', 'NewDeaths', 'TotalRecovered', 'ActiveCases', 'Serious,Critical', 'Tot\xa0Cases/1M pop']"
"info,worldometers)/coronavirus",1.0,20200309000438,20200309,202003,https://www.worldometers.info/coronavirus/,text/html,200,SYJQJBNVP77NEP4TV3437BURJQUYM7V6,133557,20200309000438,https://web.archive.org/web/20200309000438/https://www.worldometers.info/coronavirus/,https://web.archive.org/web/20200309000438/https://www.worldometers.info/coronavirus/,200,9,"['Country,Other', 'TotalCases', 'NewCases', 'TotalDeaths', 'NewDeaths', 'TotalRecovered', 'ActiveCases', 'Serious,Critical', 'Tot\xa0Cases/1M pop']"
"info,worldometers)/coronavirus",1.0,20200310000045,20200310,202003,https://www.worldometers.info/coronavirus/,text/html,200,XET5YAOPV77EIH7WARWLGOHSOUS5L74P,80504,20200310000045,https://web.archive.org/web/20200310000045/https://www.worldometers.info/coronavirus/,https://web.archive.org/web/20200310000045/https://www.worldometers.info/coronavirus/,200,9,"['Country,Other', 'TotalCases', 'NewCases', 'TotalDeaths', 'NewDeaths', 'TotalRecovered', 'ActiveCases', 'Serious,Critical', 'Tot\xa0Cases/1M pop']"
"info,worldometers)/coronavirus",1.0,20200311000055,20200311,202003,https://www.worldometers.info/coronavirus/,text/html,200,WNHFAU7THEVQHJOL52V223Z3BQJHOS64,105047,20200311000055,https://web.archive.org/web/20200311000055/https://www.worldometers.info/coronavirus/,https://web.archive.org/web/20200311000055/https://www.worldometers.info/coronavirus/,200,9,"['Country,Other', 'TotalCases', 'NewCases', 'TotalDeaths', 'NewDeaths', 'TotalRecovered', 'ActiveCases', 'Serious,Critical', 'Tot\xa0Cases/1M pop']"
"info,worldometers)/coronavirus",1.0,20200312000233,20200312,202003,https://www.worldometers.info/coronavirus/,text/html,200,A2MU36EJVMMS2L47IRQLTCJLB6KW7UN4,114634,20200312000233,https://web.archive.org/web/20200312000233/https://www.worldometers.info/coronavirus/,https://web.archive.org/web/20200312000233/https://www.worldometers.info/coronavirus/,200,9,"['Country,Other', 'TotalCases', 'NewCases', 'TotalDeaths', 'NewDeaths', 'TotalRecovered', 'ActiveCases', 'Serious,Critical', 'Tot\xa0Cases/1M pop']"
"info,worldometers)/coronavirus",1.0,20200313001451,20200313,202003,https://www.worldometers.info/coronavirus/,text/html,200,Y4IPMBTKWPHP3AWMNAJA76FKRJJVLLDB,123674,20200313001451,https://web.archive.org/web/20200313001451/https://www.worldometers.info/coronavirus/,https://web.archive.org/web/20200313001451/https://www.worldometers.info/coronavirus/,200,9,"['Country,Other', 'TotalCases', 'NewCases', 'TotalDeaths', 'NewDeaths', 'TotalRecovered', 'ActiveCases', 'Serious,Critical', 'Tot\xa0Cases/1M pop']"
"info,worldometers)/coronavirus",1.0,20200314011147,20200314,202003,https://www.worldometers.info/coronavirus/,text/html,200,4YA5RH2NPTI332Y23UEW6TDJMTSILBN6,115598,20200314011147,https://web.archive.org/web/20200314011147/https://www.worldometers.info/coronavirus/,https://web.archive.org/web/20200314011147/https://www.worldometers.info/coronavirus/,200,9,"['Country,Other', 'TotalCases', 'NewCases', 'TotalDeaths', 'NewDeaths', 'TotalRecovered', 'ActiveCases', 'Serious,Critical', 'Tot\xa0Cases/1M pop']"
"info,worldometers)/coronavirus",1.0,20200315000022,20200315,202003,https://www.worldometers.info/coronavirus/,text/html,200,BEHRR5XOFAQMJ675YCL46UN3UIXQ5DP4,125733,20200315000022,https://web.archive.org/web/20200315000022/https://www.worldometers.info/coronavirus/,https://web.archive.org/web/20200315000022/https://www.worldometers.info/coronavirus/,200,9,"['Country,Other', 'TotalCases', 'NewCases', 'TotalDeaths', 'NewDeaths', 'TotalRecovered', 'ActiveCases', 'Serious,Critical', 'Tot\xa0Cases/1M pop']"
"info,worldometers)/coronavirus",1.0,20200316000221,20200316,202003,https://www.worldometers.info/coronavirus/,text/html,200,ETYF64ZJVIBZDPTNSD6KWBQ4RZPXOYOG,101318,20200316000221,https://web.archive.org/web/20200316000221/https://www.worldometers.info/coronavirus/,https://web.archive.org/web/20200316000221/https://www.worldometers.info/coronavirus/,200,9,"['Country,Other', 'TotalCases', 'NewCases', 'TotalDeaths', 'NewDeaths', 'TotalRecovered', 'ActiveCases', 'Serious,Critical', 'Tot\xa0Cases/1M pop']"
"info,worldometers)/coronavirus",1.0,20200317001722,20200317,202003,https://www.worldometers.info/coronavirus/,text/html,200,SQUM6NN4YS7RE4ESTGOTETBIU2LGAHUR,86606,20200317001722,https://web.archive.org/web/20200317001722/https://www.worldometers.info/coronavirus/,https://web.archive.org/web/20200317001722/https://www.worldometers.info/coronavirus/,200,9,"['Country,Other', 'TotalCases', 'NewCases', 'TotalDeaths', 'NewDeaths', 'TotalRecovered', 'ActiveCases', 'Serious,Critical', 'Tot\xa0Cases/1M pop']"
"info,worldometers)/coronavirus",1.0,20200318000111,20200318,202003,https://www.worldometers.info/coronavirus/,text/html,200,JQAWGEQWUXXWJANCTUU7AGCIBYFFENKH,98700,20200318000111,https://web.archive.org/web/20200318000111/https://www.worldometers.info/coronavirus/,https://web.archive.org/web/20200318000111/https://www.worldometers.info/coronavirus/,200,9,"['Country,Other', 'TotalCases', 'NewCases', 'TotalDeaths', 'NewDeaths', 'TotalRecovered', 'ActiveCases', 'Serious,Critical', 'Tot\xa0Cases/1M pop']"
"info,worldometers)/coronavirus",1.0,20200319000308,20200319,202003,https://www.worldometers.info/coronavirus/,text/html,200,7AG6LNV7RPY2XL6OVK4PQ3LXY4QO7SEO,114287,20200319000308,https://web.archive.org/web/20200319000308/https://www.worldometers.info/coronavirus/,https://web.archive.org/web/20200319000308/https://www.worldometers.info/coronavirus/,200,9,"['Country,Other', 'TotalCases', 'NewCases', 'TotalDeaths', 'NewDeaths', 'TotalRecovered', 'ActiveCases', 'Serious,Critical', 'Tot\xa0Cases/1M pop']"
"info,worldometers)/coronavirus",1.0,20200320000033,20200320,202003,https://www.worldometers.info/coronavirus/,text/html,200,25EAVYWEYGLN5HOK2QKIB557XXL2CT4T,120333,20200320000033,https://web.archive.org/web/20200320000033/https://www.worldometers.info/coronavirus/,https://web.archive.org/web/20200320000033/https://www.worldometers.info/coronavirus/,200,9,"['Country,Other', 'TotalCases', 'NewCases', 'TotalDeaths', 'NewDeaths', 'TotalRecovered', 'ActiveCases', 'Serious,Critical', 'Tot\xa0Cases/1M pop']"
"info,worldometers)/coronavirus",1.0,20200321000006,20200321,202003,https://www.worldometers.info/coronavirus/,text/html,200,N3PMLAHC2JPUEICDNWWXJWU2UJQYE536,38045,20200321000006,https://web.archive.org/web/20200321000006/https://www.worldometers.info/coronavirus/,https://web.archive.org/web/20200321000006/https://www.worldometers.info/coronavirus/,200,9,"['Country,Other', 'TotalCases', 'NewCases', 'TotalDeaths', 'NewDeaths', 'TotalRecovered', 'ActiveCases', 'Serious,Critical', 'Tot\xa0Cases/1M pop']"
"info,worldometers)/coronavirus",1.0,20200322000024,20200322,202003,https://www.worldometers.info/coronavirus/,text/html,200,DEXWPDB2AVHFCCEJ4O5E3T6V2MOHUPTH,128244,20200322000024,https://web.archive.org/web/20200322000024/https://www.worldometers.info/coronavirus/,https://web.archive.org/web/20200322000024/https://www.worldometers.info/coronavirus/,200,9,"['Country,Other', 'TotalCases', 'NewCases', 'TotalDeaths', 'NewDeaths', 'TotalRecovered', 'ActiveCases', 'Serious,Critical', 'Tot\xa0Cases/1M pop']"
"info,worldometers)/coronavirus",1.0,20200323000005,20200323,202003,https://www.worldometers.info/coronavirus/,text/html,200,VBIABCMCWMHUFUWBAAMCYLABVHXGY63A,126269,20200323000005,https://web.archive.org/web/20200323000005/https://www.worldometers.info/coronavirus/,https://web.archive.org/web/20200323000005/https://www.worldometers.info/coronavirus/,200,9,"['Country,Other', 'TotalCases', 'NewCases', 'TotalDeaths', 'NewDeaths', 'TotalRecovered', 'ActiveCases', 'Serious,Critical', 'Tot\xa0Cases/1M pop']"
"info,worldometers)/coronavirus",1.0,20200324000043,20200324,202003,https://www.worldometers.info/coronavirus/,text/html,200,LVUXYMXAWH4ONQQQRZSVCLHPS3TOENNS,128291,20200324000043,https://web.archive.org/web/20200324000043/https://www.worldometers.info/coronavirus/,https://web.archive.org/web/20200324000043/https://www.worldometers.info/coronavirus/,200,9,"['Country,Other', 'TotalCases', 'NewCases', 'TotalDeaths', 'NewDeaths', 'TotalRecovered', 'ActiveCases', 'Serious,Critical', 'Tot\xa0Cases/1M pop']"
"info,worldometers)/coronavirus",1.0,20200325000056,20200325,202003,https://www.worldometers.info/coronavirus/,text/html,200,OXKD2FJSYHLQWSLF2UHNMTI4UMDOUXUF,114733,20200325000056,https://web.archive.org/web/20200325000056/https://www.worldometers.info/coronavirus/,https://web.archive.org/web/20200325000056/https://www.worldometers.info/coronavirus/,200,10,"['Country,Other', 'TotalCases', 'NewCases', 'TotalDeaths', 'NewDeaths', 'TotalRecovered', 'ActiveCases', 'Serious,Critical', 'Tot\xa0Cases/1M pop', 'Tot\xa0Deaths/1M pop']"
"info,worldometers)/coronavirus",1.0,20200326000126,20200326,202003,https://www.worldometers.info/coronavirus/,text/html,200,HWIS36KELQKEG4XEKP6D7U3UJW6MDUWE,122915,20200326000126,https://web.archive.org/web/20200326000126/https://www.worldometers.info/coronavirus/,https://web.archive.org/web/20200326000126/https://www.worldometers.info/coronavirus/,200,10,"['Country,Other', 'TotalCases', 'NewCases', 'TotalDeaths', 'NewDeaths', 'TotalRecovered', 'ActiveCases', 'Serious,Critical', 'Tot\xa0Cases/1M pop', 'Tot\xa0Deaths/1M pop']"
"info,worldometers)/coronavirus",1.0,20200327000121,20200327,202003,https://www.worldometers.info/coronavirus/,text/html,200,4RHTVIM2ALKG6SYKQTOW2OAU2EV6C6WD,120182,20200327000121,https://web.archive.org/web/20200327000121/https://www.worldometers.info/coronavirus/,https://web.archive.org/web/20200327000121/https://www.worldometers.info/coronavirus/,200,10,"['Country,Other', 'TotalCases', 'NewCases', 'TotalDeaths', 'NewDeaths', 'TotalRecovered', 'ActiveCases', 'Serious,Critical', 'Tot\xa0Cases/1M pop', 'Tot\xa0Deaths/1M pop']"
"info,worldometers)/coronavirus",1.0,20200328000049,20200328,202003,https://www.worldometers.info/coronavirus/,text/html,200,CSFDFHID4UAVCG3SCGMSM6YBGD65M2MO,112638,20200328000049,https://web.archive.org/web/20200328000049/https://www.worldometers.info/coronavirus/,https://web.archive.org/web/20200328000049/https://www.worldometers.info/coronavirus/,200,10,"['Country,Other', 'TotalCases', 'NewCases', 'TotalDeaths', 'NewDeaths', 'TotalRecovered', 'ActiveCases', 'Serious,Critical', 'Tot\xa0Cases/1M pop', 'Tot\xa0Deaths/1M pop']"
"info,worldometers)/coronavirus",1.0,20200329000131,20200329,202003,https://www.worldometers.info/coronavirus/,text/html,200,P7DSTL4QUQ5CR6GC5I4VPTYSR4SRO6KL,103944,20200329000131,https://web.archive.org/web/20200329000131/https://www.worldometers.info/coronavirus/,https://web.archive.org/web/20200329000131/https://www.worldometers.info/coronavirus/,200,11,"['Country,Other', 'TotalCases', 'NewCases', 'TotalDeaths', 'NewDeaths', 'TotalRecovered', 'ActiveCases', 'Serious,Critical', 'Tot\xa0Cases/1M pop', 'Deaths/1M pop', '1stcase']"
"info,worldometers)/coronavirus",1.0,20200330001357,20200330,202003,https://www.worldometers.info/coronavirus/,text/html,200,IUKRYAOMQNLBJ6D7RO3BN634GSHNAOGY,107781,20200330001357,https://web.archive.org/web/20200330001357/https://www.worldometers.info/coronavirus/,https://web.archive.org/web/20200330001357/https://www.worldometers.info/coronavirus/,200,11,"['Country,Other', 'TotalCases', 'NewCases', 'TotalDeaths', 'NewDeaths', 'TotalRecovered', 'ActiveCases', 'Serious,Critical', 'Tot\xa0Cases/1M pop', 'Deaths/1M pop', '1stcase']"
"info,worldometers)/coronavirus",1.0,20200331000036,20200331,202003,https://www.worldometers.info/coronavirus/,text/html,200,2MK75AUB3K2XBPR3NHDZ3XJJL7LFMJXU,100339,20200331000036,https://web.archive.org/web/20200331000036/https://www.worldometers.info/coronavirus/,https://web.archive.org/web/20200331000036/https://www.worldometers.info/coronavirus/,200,11,"['Country,Other', 'TotalCases', 'NewCases', 'TotalDeaths', 'NewDeaths', 'TotalRecovered', 'ActiveCases', 'Serious,Critical', 'Tot\xa0Cases/1M pop', 'Deaths/1M pop', 'Reported1st case']"
"info,worldometers)/coronavirus",1.0,20200401000248,20200401,202004,https://www.worldometers.info/coronavirus/,text/html,200,63ZJ4CZNDOIU7K7U7EUWYUDP6ZEGNLGO,96201,20200401000248,https://web.archive.org/web/20200401000248/https://www.worldometers.info/coronavirus/,https://web.archive.org/web/20200401000248/https://www.worldometers.info/coronavirus/,200,11,"['Country,Other', 'TotalCases', 'NewCases', 'TotalDeaths', 'NewDeaths', 'TotalRecovered', 'ActiveCases', 'Serious,Critical', 'Tot\xa0Cases/1M pop', 'Deaths/1M pop', 'Reported1st case']"
"info,worldometers)/coronavirus",1.0,20200402000212,20200402,202004,https://www.worldometers.info/coronavirus/,text/html,200,L3AYYB5ODTF3OXVDVXVJOROKU4AQJZ44,98016,20200402000212,https://web.archive.org/web/20200402000212/https://www.worldometers.info/coronavirus/,https://web.archive.org/web/20200402000212/https://www.worldometers.info/coronavirus/,200,11,"['Country,Other', 'TotalCases', 'NewCases', 'TotalDeaths', 'NewDeaths', 'TotalRecovered', 'ActiveCases', 'Serious,Critical', 'Tot\xa0Cases/1M pop', 'Deaths/1M pop', 'Reported1st case']"
"info,worldometers)/coronavirus",1.0,20200403001104,20200403,202004,https://www.worldometers.info/coronavirus/,text/html,200,FJQPNFVU5JQVGTFLAHPNSJTLMXVFGPHR,93227,20200403001104,https://web.archive.org/web/20200403001104/https://www.worldometers.info/coronavirus/,https://web.archive.org/web/20200403001104/https://www.worldometers.info/coronavirus/,200,10,"['Country,Other', 'TotalCases', 'NewCases', 'TotalDeaths', 'NewDeaths', 'TotalRecovered', 'ActiveCases', 'Serious,Critical', 'Tot\xa0Cases/1M pop', 'Deaths/1M pop']"
"info,worldometers)/coronavirus",1.0,20200404000051,20200404,202004,https://www.worldometers.info/coronavirus/,text/html,200,T3YJ6V7VHFGLXTTDQ6T5C3QHTKHZ64SK,97269,20200404000051,https://web.archive.org/web/20200404000051/https://www.worldometers.info/coronavirus/,https://web.archive.org/web/20200404000051/https://www.worldometers.info/coronavirus/,200,10,"['Country,Other', 'TotalCases', 'NewCases', 'TotalDeaths', 'NewDeaths', 'TotalRecovered', 'ActiveCases', 'Serious,Critical', 'Tot\xa0Cases/1M pop', 'Deaths/1M pop']"
"info,worldometers)/coronavirus",1.0,20200405000112,20200405,202004,https://www.worldometers.info/coronavirus/,text/html,200,HL3PMXHRPQHW2R2ZXZFSX7MC263L2FWZ,112379,20200405000112,https://web.archive.org/web/20200405000112/https://www.worldometers.info/coronavirus/,https://web.archive.org/web/20200405000112/https://www.worldometers.info/coronavirus/,200,12,"['Country,Other', 'TotalCases', 'NewCases', 'TotalDeaths', 'NewDeaths', 'TotalRecovered', 'ActiveCases', 'Serious,Critical', 'Tot\xa0Cases/1M pop', 'Deaths/1M pop', 'TotalTests', 'Tests/\n1M pop']"
"info,worldometers)/coronavirus",1.0,20200406000259,20200406,202004,https://www.worldometers.info/coronavirus/,text/html,200,RX2N6OVC67URYWSAFECS4HI2SDAS7GCW,116557,20200406000259,https://web.archive.org/web/20200406000259/https://www.worldometers.info/coronavirus/,https://web.archive.org/web/20200406000259/https://www.worldometers.info/coronavirus/,200,12,"['Country,Other', 'TotalCases', 'NewCases', 'TotalDeaths', 'NewDeaths', 'TotalRecovered', 'ActiveCases', 'Serious,Critical', 'Tot\xa0Cases/1M pop', 'Deaths/1M pop', 'TotalTests', 'Tests/\n1M pop']"
"info,worldometers)/coronavirus",1.0,20200407000209,20200407,202004,https://www.worldometers.info/coronavirus/,text/html,200,2OQABFLKEYVU4SA2S2PH4QJZFMRCAJIC,119964,20200407000209,https://web.archive.org/web/20200407000209/https://www.worldometers.info/coronavirus/,https://web.archive.org/web/20200407000209/https://www.worldometers.info/coronavirus/,200,12,"['Country,Other', 'TotalCases', 'NewCases', 'TotalDeaths', 'NewDeaths', 'TotalRecovered', 'ActiveCases', 'Serious,Critical', 'Tot\xa0Cases/1M pop', 'Deaths/1M pop', 'TotalTests', 'Tests/\n1M pop']"
"info,worldometers)/coronavirus",1.0,20200408000109,20200408,202004,https://www.worldometers.info/coronavirus/,text/html,200,ZQGDISPD3DIUNHVKZFKQ5ABVXPRMAFDB,120720,20200408000109,https://web.archive.org/web/20200408000109/https://www.worldometers.info/coronavirus/,https://web.archive.org/web/20200408000109/https://www.worldometers.info/coronavirus/,200,12,"['Country,Other', 'TotalCases', 'NewCases', 'TotalDeaths', 'NewDeaths', 'TotalRecovered', 'ActiveCases', 'Serious,Critical', 'Tot\xa0Cases/1M pop', 'Deaths/1M pop', 'TotalTests', 'Tests/\n1M pop']"
"info,worldometers)/coronavirus",1.0,20200409000028,20200409,202004,https://www.worldometers.info/coronavirus/,text/html,200,GF46AL3SSX2EQ2RV7CKCXP5L4DNS5BK4,121532,20200409000028,https://web.archive.org/web/20200409000028/https://www.worldometers.info/coronavirus/,https://web.archive.org/web/20200409000028/https://www.worldometers.info/coronavirus/,200,12,"['Country,Other', 'TotalCases', 'NewCases', 'TotalDeaths', 'NewDeaths', 'TotalRecovered', 'ActiveCases', 'Serious,Critical', 'Tot\xa0Cases/1M pop', 'Deaths/1M pop', 'TotalTests', 'Tests/\n1M pop']"
"info,worldometers)/coronavirus",1.0,20200410000005,20200410,202004,https://www.worldometers.info/coronavirus/,text/html,200,7NTJ3T3DLVONXG7QF4PFED2ZWLQA5UBH,62158,20200410000005,https://web.archive.org/web/20200410000005/https://www.worldometers.info/coronavirus/,https://web.archive.org/web/20200410000005/https://www.worldometers.info/coronavirus/,200,13,"['Country,Other', 'TotalCases', 'NewCases', 'TotalDeaths', 'NewDeaths', 'TotalRecovered', 'ActiveCases', 'Serious,Critical', 'Tot\xa0Cases/1M pop', 'Deaths/1M pop', 'TotalTests', 'Tests/\n1M pop', 'Continent']"
"info,worldometers)/coronavirus",1.0,20200411000013,20200411,202004,https://www.worldometers.info/coronavirus/,text/html,200,DMYVLHQCS57H5ZZUVHKXY2EBOTK3QKHN,129206,20200411000013,https://web.archive.org/web/20200411000013/https://www.worldometers.info/coronavirus/,https://web.archive.org/web/20200411000013/https://www.worldometers.info/coronavirus/,200,13,"['Country,Other', 'TotalCases', 'NewCases', 'TotalDeaths', 'NewDeaths', 'TotalRecovered', 'ActiveCases', 'Serious,Critical', 'Tot\xa0Cases/1M pop', 'Deaths/1M pop', 'TotalTests', 'Tests/\n1M pop', 'Continent']"
"info,worldometers)/coronavirus",1.0,20200412000004,20200412,202004,https://www.worldometers.info/coronavirus/,text/html,200,5MFX6YSDRBOD2KRNYU7Z7CGVMWZXCRUE,128370,20200412000004,https://web.archive.org/web/20200412000004/https://www.worldometers.info/coronavirus/,https://web.archive.org/web/20200412000004/https://www.worldometers.info/coronavirus/,200,13,"['Country,Other', 'TotalCases', 'NewCases', 'TotalDeaths', 'NewDeaths', 'TotalRecovered', 'ActiveCases', 'Serious,Critical', 'Tot\xa0Cases/1M pop', 'Deaths/1M pop', 'TotalTests', 'Tests/\n1M pop', 'Continent']"
"info,worldometers)/coronavirus",1.0,20200413000003,20200413,202004,https://www.worldometers.info/coronavirus/,text/html,200,QYCV3SX4RGBFIEA2NK4V73263X72NJYJ,126231,20200413000003,https://web.archive.org/web/20200413000003/https://www.worldometers.info/coronavirus/,https://web.archive.org/web/20200413000003/https://www.worldometers.info/coronavirus/,200,13,"['Country,Other', 'TotalCases', 'NewCases', 'TotalDeaths', 'NewDeaths', 'TotalRecovered', 'ActiveCases', 'Serious,Critical', 'Tot\xa0Cases/1M pop', 'Deaths/1M pop', 'TotalTests', 'Tests/\n1M pop', 'Continent']"
"info,worldometers)/coronavirus",1.0,20200414000007,20200414,202004,https://www.worldometers.info/coronavirus/,text/html,200,2HO7AK4JQGTPG3YTKACVXJ55NKHTMNOR,63313,20200414000007,https://web.archive.org/web/20200414000007/https://www.worldometers.info/coronavirus/,https://web.archive.org/web/20200414000007/https://www.worldometers.info/coronavirus/,200,13,"['Country,Other', 'TotalCases', 'NewCases', 'TotalDeaths', 'NewDeaths', 'TotalRecovered', 'ActiveCases', 'Serious,Critical', 'Tot\xa0Cases/1M pop', 'Deaths/1M pop', 'TotalTests', 'Tests/\n1M pop', 'Continent']"
"info,worldometers)/coronavirus",1.0,20200415000113,20200415,202004,https://www.worldometers.info/coronavirus/,text/html,200,4LBSPC7M75PAX364FVS5KZD76NC2NZKV,121943,20200415000113,https://web.archive.org/web/20200415000113/https://www.worldometers.info/coronavirus/,https://web.archive.org/web/20200415000113/https://www.worldometers.info/coronavirus/,200,13,"['Country,Other', 'TotalCases', 'NewCases', 'TotalDeaths', 'NewDeaths', 'TotalRecovered', 'ActiveCases', 'Serious,Critical', 'Tot\xa0Cases/1M pop', 'Deaths/1M pop', 'TotalTests', 'Tests/\n1M pop', 'Continent']"
"info,worldometers)/coronavirus",1.0,20200416000003,20200416,202004,https://www.worldometers.info/coronavirus/,text/html,200,PTUYQWNQXF7YP2TTDI4IR2QMJKUGLDBK,108339,20200416000003,https://web.archive.org/web/20200416000003/https://www.worldometers.info/coronavirus/,https://web.archive.org/web/20200416000003/https://www.worldometers.info/coronavirus/,200,13,"['Country,Other', 'TotalCases', 'NewCases', 'TotalDeaths', 'NewDeaths', 'TotalRecovered', 'ActiveCases', 'Serious,Critical', 'Tot\xa0Cases/1M pop', 'Deaths/1M pop', 'TotalTests', 'Tests/\n1M pop', 'Continent']"
"info,worldometers)/coronavirus",1.0,20200417000005,20200417,202004,https://www.worldometers.info/coronavirus/,text/html,200,LOVSZ7N4FPACVE5LM2BSSYOT334EXLEZ,108192,20200417000005,https://web.archive.org/web/20200417000005/https://www.worldometers.info/coronavirus/,https://web.archive.org/web/20200417000005/https://www.worldometers.info/coronavirus/,200,13,"['Country,Other', 'TotalCases', 'NewCases', 'TotalDeaths', 'NewDeaths', 'TotalRecovered', 'ActiveCases', 'Serious,Critical', 'Tot\xa0Cases/1M pop', 'Deaths/1M pop', 'TotalTests', 'Tests/\n1M pop', 'Continent']"
"info,worldometers)/coronavirus",1.0,20200418000005,20200418,202004,https://www.worldometers.info/coronavirus/,text/html,200,IQXC4SIFZWNMNHLCLPE27FRJPNS5IMIC,110144,20200418000005,https://web.archive.org/web/20200418000005/https://www.worldometers.info/coronavirus/,https://web.archive.org/web/20200418000005/https://www.worldometers.info/coronavirus/,200,13,"['Country,Other', 'TotalCases', 'NewCases', 'TotalDeaths', 'NewDeaths', 'TotalRecovered', 'ActiveCases', 'Serious,Critical', 'Tot\xa0Cases/1M pop', 'Deaths/1M pop', 'TotalTests', 'Tests/\n1M pop', 'Continent']"
"info,worldometers)/coronavirus",1.0,20200419000007,20200419,202004,https://www.worldometers.info/coronavirus/,text/html,200,Z7FSMP4KLN62YLOCJWRV2IIAOSHDZXPZ,109411,20200419000007,https://web.archive.org/web/20200419000007/https://www.worldometers.info/coronavirus/,https://web.archive.org/web/20200419000007/https://www.worldometers.info/coronavirus/,200,13,"['Country,Other', 'TotalCases', 'NewCases', 'TotalDeaths', 'NewDeaths', 'TotalRecovered', 'ActiveCases', 'Serious,Critical', 'Tot\xa0Cases/1M pop', 'Deaths/1M pop', 'TotalTests', 'Tests/\n1M pop', 'Continent']"
"info,worldometers)/coronavirus",1.0,20200420000002,20200420,202004,https://www.worldometers.info/coronavirus/,text/html,200,ZAGWPLVYLOXAAUJV2R3XKMTDDP5K53VB,109649,20200420000002,https://web.archive.org/web/20200420000002/https://www.worldometers.info/coronavirus/,https://web.archive.org/web/20200420000002/https://www.worldometers.info/coronavirus/,200,13,"['Country,Other', 'TotalCases', 'NewCases', 'TotalDeaths', 'NewDeaths', 'TotalRecovered', 'ActiveCases', 'Serious,Critical', 'Tot\xa0Cases/1M pop', 'Deaths/1M pop', 'TotalTests', 'Tests/\n1M pop', 'Continent']"
"info,worldometers)/coronavirus",1.0,20200421000005,20200421,202004,https://www.worldometers.info/coronavirus/,text/html,200,D4T65VTJN6JDCVTYGHUAWQWKOIGN6Y5B,110381,20200421000005,https://web.archive.org/web/20200421000005/https://www.worldometers.info/coronavirus/,https://web.archive.org/web/20200421000005/https://www.worldometers.info/coronavirus/,200,13,"['Country,Other', 'TotalCases', 'NewCases', 'TotalDeaths', 'NewDeaths', 'TotalRecovered', 'ActiveCases', 'Serious,Critical', 'Tot\xa0Cases/1M pop', 'Deaths/1M pop', 'TotalTests', 'Tests/\n1M pop', 'Continent']"
"info,worldometers)/coronavirus",1.0,20200422000007,20200422,202004,https://www.worldometers.info/coronavirus/,text/html,200,UIJRSRSAX6H6W47RHTWDTPXP67QVIVRK,110656,20200422000007,https://web.archive.org/web/20200422000007/https://www.worldometers.info/coronavirus/,https://web.archive.org/web/20200422000007/https://www.worldometers.info/coronavirus/,200,13,"['Country,Other', 'TotalCases', 'NewCases', 'TotalDeaths', 'NewDeaths', 'TotalRecovered', 'ActiveCases', 'Serious,Critical', 'Tot\xa0Cases/1M pop', 'Deaths/1M pop', 'TotalTests', 'Tests/\n1M pop', 'Continent']"
"info,worldometers)/coronavirus",1.0,20200423000005,20200423,202004,https://www.worldometers.info/coronavirus/,text/html,200,AEDWEFQG73S2RBD33IZFVQYKBPBFVBCP,109482,20200423000005,https://web.archive.org/web/20200423000005/https://www.worldometers.info/coronavirus/,https://web.archive.org/web/20200423000005/https://www.worldometers.info/coronavirus/,200,13,"['Country,Other', 'TotalCases', 'NewCases', 'TotalDeaths', 'NewDeaths', 'TotalRecovered', 'ActiveCases', 'Serious,Critical', 'Tot\xa0Cases/1M pop', 'Deaths/1M pop', 'TotalTests', 'Tests/\n1M pop', 'Continent']"
"info,worldometers)/coronavirus",1.0,20200424000004,20200424,202004,https://www.worldometers.info/coronavirus/,text/html,200,RP6EBO5VF34W2HQAMDCHNU6B7BELDFBR,108993,20200424000004,https://web.archive.org/web/20200424000004/https://www.worldometers.info/coronavirus/,https://web.archive.org/web/20200424000004/https://www.worldometers.info/coronavirus/,200,13,"['Country,Other', 'TotalCases', 'NewCases', 'TotalDeaths', 'NewDeaths', 'TotalRecovered', 'ActiveCases', 'Serious,Critical', 'Tot\xa0Cases/1M pop', 'Deaths/1M pop', 'TotalTests', 'Tests/\n1M pop', 'Continent']"
"info,worldometers)/coronavirus",1.0,20200425000113,20200425,202004,https://www.worldometers.info/coronavirus/,text/html,200,JMV6JZPFW4Q4P2IDWCE57NYUUX7W3WW6,108768,20200425000113,https://web.archive.org/web/20200425000113/https://www.worldometers.info/coronavirus/,https://web.archive.org/web/20200425000113/https://www.worldometers.info/coronavirus/,200,13,"['Country,Other', 'TotalCases', 'NewCases', 'TotalDeaths', 'NewDeaths', 'TotalRecovered', 'ActiveCases', 'Serious,Critical', 'Tot\xa0Cases/1M pop', 'Deaths/1M pop', 'TotalTests', 'Tests/\n1M pop', 'Continent']"
"info,worldometers)/coronavirus",1.0,20200426000015,20200426,202004,https://www.worldometers.info/coronavirus/,text/html,200,5THNOPU7RDLZX7UMXB3ABIUJP4HSPC43,107651,20200426000015,https://web.archive.org/web/20200426000015/https://www.worldometers.info/coronavirus/,https://web.archive.org/web/20200426000015/https://www.worldometers.info/coronavirus/,200,13,"['Country,Other', 'TotalCases', 'NewCases', 'TotalDeaths', 'NewDeaths', 'TotalRecovered', 'ActiveCases', 'Serious,Critical', 'Tot\xa0Cases/1M pop', 'Deaths/1M pop', 'TotalTests', 'Tests/\n1M pop', 'Continent']"
"info,worldometers)/coronavirus",1.0,20200427000136,20200427,202004,https://www.worldometers.info/coronavirus/,text/html,200,DGLHZP6QK7JBZTVYKI3OTFTB2OK5BW25,107103,20200427000136,https://web.archive.org/web/20200427000136/https://www.worldometers.info/coronavirus/,https://web.archive.org/web/20200427000136/https://www.worldometers.info/coronavirus/,200,13,"['Country,Other', 'TotalCases', 'NewCases', 'TotalDeaths', 'NewDeaths', 'TotalRecovered', 'ActiveCases', 'Serious,Critical', 'Tot\xa0Cases/1M pop', 'Deaths/1M pop', 'TotalTests', 'Tests/\n1M pop', 'Continent']"
"info,worldometers)/coronavirus",1.0,20200428043748,20200428,202004,https://www.worldometers.info/coronavirus/,text/html,200,LHTPEYCVAGF32K62ESKRA2YUB2ADREZY,97608,20200428043748,https://web.archive.org/web/20200428043748/https://www.worldometers.info/coronavirus/,https://web.archive.org/web/20200428043748/https://www.worldometers.info/coronavirus/,200,13,"['Country,Other', 'TotalCases', 'NewCases', 'TotalDeaths', 'NewDeaths', 'TotalRecovered', 'ActiveCases', 'Serious,Critical', 'Tot\xa0Cases/1M pop', 'Deaths/1M pop', 'TotalTests', 'Tests/\n1M pop', 'Continent']"
"info,worldometers)/coronavirus",1.0,20200429000025,20200429,202004,https://www.worldometers.info/coronavirus/,text/html,200,KTNHU4FM7KJZV2EOI46V447YP5HO2AQK,104035,20200429000025,https://web.archive.org/web/20200429000025/https://www.worldometers.info/coronavirus/,https://web.archive.org/web/20200429000025/https://www.worldometers.info/coronavirus/,200,13,"['Country,Other', 'TotalCases', 'NewCases', 'TotalDeaths', 'NewDeaths', 'TotalRecovered', 'ActiveCases', 'Serious,Critical', 'Tot\xa0Cases/1M pop', 'Deaths/1M pop', 'TotalTests', 'Tests/\n1M pop', 'Continent']"
